,precision,recall,f1-score,support
'no-recurrence-events',0.8208955223880597,0.8208955223880597,0.8208955223880597,67.0
'recurrence-events',0.5714285714285714,0.5714285714285714,0.5714285714285714,28.0
accuracy,0.7473684210526316,0.7473684210526316,0.7473684210526316,0.7473684210526316
macro avg,0.6961620469083156,0.6961620469083156,0.6961620469083156,95.0
weighted avg,0.7473684210526316,0.7473684210526316,0.7473684210526316,95.0
