,precision,recall,f1-score,support
'no-recurrence-events',0.8153846153846154,0.7910447761194029,0.803030303030303,67.0
'recurrence-events',0.5333333333333333,0.5714285714285714,0.5517241379310344,28.0
accuracy,0.7263157894736842,0.7263157894736842,0.7263157894736842,0.7263157894736842
macro avg,0.6743589743589744,0.6812366737739872,0.6773772204806687,95.0
weighted avg,0.7322537112010796,0.7263157894736842,0.7289611175273607,95.0
