,precision,recall,f1-score,support
0,0.782608695652174,0.8059701492537313,0.7941176470588236,67.0
1,0.5,0.4642857142857143,0.4814814814814815,28.0
accuracy,0.7052631578947368,0.7052631578947368,0.7052631578947368,0.7052631578947368
macro avg,0.6413043478260869,0.6351279317697228,0.6377995642701526,95.0
weighted avg,0.6993135011441648,0.7052631578947368,0.7019722508886597,95.0
