,precision,recall,f1-score,support
'no-recurrence-events',0.8,0.8955223880597015,0.8450704225352113,67.0
'recurrence-events',0.65,0.4642857142857143,0.5416666666666667,28.0
accuracy,0.7684210526315789,0.7684210526315789,0.7684210526315789,0.7684210526315789
macro avg,0.7250000000000001,0.6799040511727079,0.693368544600939,95.0
weighted avg,0.7557894736842105,0.7684210526315789,0.7556461576476402,95.0
