,precision,recall,f1-score,support
'no-recurrence-events',0.7763157894736842,0.8805970149253731,0.8251748251748251,67.0
'recurrence-events',0.5789473684210527,0.39285714285714285,0.46808510638297873,28.0
accuracy,0.7368421052631579,0.7368421052631579,0.7368421052631579,0.7368421052631579
macro avg,0.6776315789473684,0.636727078891258,0.6466299657789019,95.0
weighted avg,0.7181440443213296,0.7368421052631579,0.7199273291098598,95.0
