,precision,recall,f1-score,support
'no-recurrence-events',0.8545454545454545,0.7014925373134329,0.7704918032786885,67.0
'recurrence-events',0.5,0.7142857142857143,0.588235294117647,28.0
accuracy,0.7052631578947368,0.7052631578947368,0.7052631578947368,0.7052631578947368
macro avg,0.6772727272727272,0.7078891257995736,0.6793635486981677,95.0
weighted avg,0.7500478468899521,0.7052631578947368,0.7167740953154341,95.0
