,precision,recall,f1-score,support
0,0.7777777777777778,0.6268656716417911,0.694214876033058,67.0
1,0.3902439024390244,0.5714285714285714,0.463768115942029,28.0
accuracy,0.6105263157894737,0.6105263157894737,0.6105263157894737,0.6105263157894737
macro avg,0.5840108401084011,0.5991471215351812,0.5789914959875435,95.0
weighted avg,0.6635572671516189,0.6105263157894737,0.626293725690439,95.0
