,precision,recall,f1-score,support
'no-recurrence-events',0.859375,0.8208955223880597,0.8396946564885497,67.0
'recurrence-events',0.6129032258064516,0.6785714285714286,0.6440677966101694,28.0
accuracy,0.7789473684210526,0.7789473684210526,0.7789473684210526,0.7789473684210526
macro avg,0.7361391129032258,0.7497334754797442,0.7418812265493595,95.0
weighted avg,0.786730687606112,0.7789473684210526,0.782036213577027,95.0
