,precision,recall,f1-score,support
'no-recurrence-events',0.8192771084337349,0.8717948717948718,0.84472049689441,78.0
'recurrence-events',0.3333333333333333,0.25,0.28571428571428575,20.0
accuracy,0.7448979591836735,0.7448979591836735,0.7448979591836735,0.7448979591836735
macro avg,0.5763052208835341,0.5608974358974359,0.5652173913043479,98.0
weighted avg,0.720104909433653,0.7448979591836735,0.7306375966535683,98.0
