,precision,recall,f1-score,support
'no-recurrence-events',0.835820895522388,0.717948717948718,0.7724137931034484,78.0
'recurrence-events',0.2903225806451613,0.45,0.3529411764705882,20.0
accuracy,0.6632653061224489,0.6632653061224489,0.6632653061224489,0.6632653061224489
macro avg,0.5630717380837746,0.583974358974359,0.5626774847870183,98.0
weighted avg,0.7244947088127499,0.6632653061224489,0.6868071366477626,98.0
