,precision,recall,f1-score,support
0,0.8870967741935484,0.7051282051282052,0.7857142857142857,78.0
1,0.3611111111111111,0.65,0.4642857142857143,20.0
accuracy,0.6938775510204082,0.6938775510204082,0.6938775510204082,0.6938775510204082
macro avg,0.6241039426523297,0.6775641025641026,0.625,98.0
weighted avg,0.7797527613195816,0.6938775510204082,0.7201166180758017,98.0
