,precision,recall,f1-score,support
'no-recurrence-events',0.8271604938271605,0.8589743589743589,0.8427672955974842,78.0
'recurrence-events',0.35294117647058826,0.3,0.3243243243243243,20.0
accuracy,0.7448979591836735,0.7448979591836735,0.7448979591836735,0.7448979591836735
macro avg,0.5900508351488744,0.5794871794871794,0.5835458099609042,98.0
weighted avg,0.730381041305411,0.7448979591836735,0.7369626075825536,98.0
