,precision,recall,f1-score,support
'no-recurrence-events',0.8241758241758241,0.9615384615384616,0.8875739644970415,78.0
'recurrence-events',0.5714285714285714,0.2,0.29629629629629634,20.0
accuracy,0.8061224489795918,0.8061224489795918,0.8061224489795918,0.8061224489795918
macro avg,0.6978021978021978,0.5807692307692308,0.5919351303966689,98.0
weighted avg,0.7725947521865889,0.8061224489795918,0.7669050526193384,98.0
