,precision,recall,f1-score,support
'no-recurrence-events',0.8072289156626506,0.8589743589743589,0.8322981366459627,78.0
'recurrence-events',0.26666666666666666,0.2,0.2285714285714286,20.0
accuracy,0.7244897959183674,0.7244897959183674,0.7244897959183674,0.7244897959183674
macro avg,0.5369477911646586,0.5294871794871795,0.5304347826086957,98.0
weighted avg,0.6969100893369397,0.7244897959183674,0.7090886043858537,98.0
