,precision,recall,f1-score,support
0,0.8414634146341463,0.8846153846153846,0.8625,78.0
1,0.4375,0.35,0.38888888888888884,20.0
accuracy,0.7755102040816326,0.7755102040816326,0.7755102040816326,0.7755102040816326
macro avg,0.6394817073170731,0.6173076923076923,0.6256944444444444,98.0
weighted avg,0.7590219014435041,0.7755102040816326,0.7658446712018141,98.0
