,precision,recall,f1-score,support
'no-recurrence-events',0.7959183673469388,1.0,0.8863636363636364,78.0
'recurrence-events',0.0,0.0,0.0,20.0
accuracy,0.7959183673469388,0.7959183673469388,0.7959183673469388,0.7959183673469388
macro avg,0.3979591836734694,0.5,0.4431818181818182,98.0
weighted avg,0.6334860474802166,0.7959183673469388,0.7054730983302412,98.0
