,precision,recall,f1-score,support
'no-recurrence-events',0.7558139534883721,0.9701492537313433,0.8496732026143792,67.0
'recurrence-events',0.7777777777777778,0.25,0.3783783783783784,28.0
accuracy,0.7578947368421053,0.7578947368421053,0.7578947368421053,0.7578947368421053
macro avg,0.7667958656330749,0.6100746268656716,0.6140257904963788,95.0
weighted avg,0.7622875016999865,0.7578947368421053,0.7107652544185052,95.0
