,precision,recall,f1-score,support
'no-recurrence-events',0.8,0.9552238805970149,0.870748299319728,67.0
'recurrence-events',0.8,0.42857142857142855,0.5581395348837209,28.0
accuracy,0.8,0.8,0.8,0.8
macro avg,0.8,0.6918976545842217,0.7144439171017245,95.0
weighted avg,0.8,0.8,0.7786109792754312,95.0
