,precision,recall,f1-score,support
0,0.7471264367816092,0.9701492537313433,0.8441558441558441,67.0
1,0.75,0.21428571428571427,0.3333333333333333,28.0
accuracy,0.7473684210526316,0.7473684210526316,0.7473684210526316,0.7473684210526316
macro avg,0.7485632183908046,0.5922174840085288,0.5887445887445887,95.0
weighted avg,0.7479733817301876,0.7473684210526316,0.6935976304397357,95.0
