,precision,recall,f1-score,support
'no-recurrence-events',0.7052631578947368,1.0,0.8271604938271605,67.0
'recurrence-events',0.0,0.0,0.0,28.0
accuracy,0.7052631578947368,0.7052631578947368,0.7052631578947368,0.7052631578947368
macro avg,0.3526315789473684,0.5,0.41358024691358025,95.0
weighted avg,0.4973961218836565,0.7052631578947368,0.5833658219623132,95.0
